timestamp,x,y,z,qx,qy,qz,qw
1756405933993730424,0.0,0.0,0.0,0.0,0.0,0.0,1.0
1756405934243631316,16.502426147460938,1.8013551235198975,-8.05759048461914,0.01366747822612524,-0.14678317308425903,-0.0164630189538002,0.9889371991157532
1756405934293428051,14.807126998901367,-0.09175729751586914,-8.94999885559082,-9.685019904281944e-05,-0.1473253220319748,-0.03741034120321274,0.9883803129196167
1756405934343266595,14.241880416870117,0.0741114616394043,-9.588417053222656,-0.0006954192649573088,-0.15288418531417847,-0.031894583255052567,0.9877290725708008
1756405934393079359,14.241880416870117,0.0741114616394043,-9.588417053222656,-0.0006953947013244033,-0.1528841257095337,-0.031894583255052567,0.9877290725708008
1756405934442958268,14.241880416870117,0.0741114616394043,-9.588417053222656,-0.0006953544216230512,-0.1528840959072113,-0.03189457952976227,0.9877290725708008
1756405934493185790,14.241880416870117,0.0741114616394043,-9.588417053222656,-0.0006953567499294877,-0.1528841257095337,-0.031894583255052567,0.9877290725708008
1756405934543374808,14.241880416870117,0.0741114616394043,-9.588417053222656,-0.0006953004631213844,-0.15288415551185608,-0.03189457207918167,0.987729012966156
1756405934593531795,14.241880416870117,0.0741114616394043,-9.588417053222656,-0.0006952853291295469,-0.15288415551185608,-0.03189457580447197,0.987729012966156
1756405934643493115,14.241880416870117,0.0741114616394043,-9.588417053222656,-0.000695237482432276,-0.1528841257095337,-0.03189457207918167,0.9877290725708008
1756405934693540646,14.241880416870117,0.0741114616394043,-9.588417053222656,-0.0006952615221962333,-0.15288415551185608,-0.03189457580447197,0.987729012966156
1756405934743827544,14.241880416870117,0.0741114616394043,-9.588417053222656,-0.0006952441181056201,-0.1528841257095337,-0.03189457580447197,0.9877290725708008
1756405934793854582,14.241880416870117,0.0741114616394043,-9.588417053222656,-0.0006952221738174558,-0.1528840959072113,-0.03189457580447197,0.9877290725708008
1756405934843648807,14.241880416870117,0.0741114616394043,-9.588417053222656,-0.00069516891380772,-0.1528841108083725,-0.03189457207918167,0.9877290725708008
1756405934893450357,14.241880416870117,0.0741114616394043,-9.588417053222656,-0.0006951889372430742,-0.1528841257095337,-0.03189457580447197,0.9877290725708008
1756405935593306976,14.241880416870117,0.0741114616394043,-9.588417053222656,-0.0006951757241040468,-0.15288420021533966,-0.03189457207918167,0.9877290725708008
1756405935643066137,13.448447227478027,-0.00021520256996154785,-8.394953727722168,-0.0026503601111471653,-0.16259975731372833,-0.02799404412508011,0.9862913489341736
1756405935692895609,12.275906562805176,-0.08161231130361557,-6.696040153503418,-0.0047306581400334835,-0.17332202196121216,-0.02310621552169323,0.984582781791687
1756405935742911445,11.15429401397705,-0.1790647953748703,-5.019806861877441,-0.007133064325898886,-0.18509908020496368,-0.01771223172545433,0.9825343489646912
1756405935793131034,9.936092376708984,-0.2573661208152771,-3.2056896686553955,-0.00972067005932331,-0.19759181141853333,-0.01087548490613699,0.9801758527755737
1756405935843380203,8.59023380279541,-0.3690494894981384,-1.2173750400543213,-0.012908202596008778,-0.2117883861064911,-0.002832119818776846,0.977226197719574
1756405935893736795,6.709272384643555,-1.3813183307647705,-2.535431146621704,-0.012874945998191833,-0.22213438153266907,-0.007026682607829571,0.974905788898468
1756405935943895573,23.422494888305664,-59.471561431884766,-81.61649322509766,-0.0723654255270958,-0.1924888789653778,-0.08827143162488937,0.9746381044387817
1756405935993757065,18.79806900024414,-59.77656173706055,-91.55858612060547,-0.06991386413574219,-0.20091019570827484,-0.08945854753255844,0.97300785779953
1756405936043399738,14.882392883300781,-59.50052261352539,-100.2509765625,-0.07041732966899872,-0.2078753411769867,-0.0928516834974289,0.9711888432502747
1756405936093208145,11.076629638671875,-59.254478454589844,-109.54471588134766,-0.07070136070251465,-0.21503335237503052,-0.09609714150428772,0.969292163848877
1756405937243712728,11.076629638671875,-59.254478454589844,-109.54471588134766,-0.07070127129554749,-0.21503335237503052,-0.09609715640544891,0.969292163848877
1756405937294084264,10.887243270874023,-59.282630920410156,-109.1407241821289,-0.07192625105381012,-0.2135542780160904,-0.08939054608345032,0.9701703786849976
1756405937344117268,10.751934051513672,-59.37002182006836,-108.93045043945312,-0.072370246052742,-0.2128044217824936,-0.08378297090530396,0.970802366733551
1756405937393719193,10.528990745544434,-59.33527755737305,-108.74190521240234,-0.07202347368001938,-0.21088556945323944,-0.08018925786018372,0.9715501070022583
1756405937443230037,10.354925155639648,-59.318695068359375,-108.65242767333984,-0.07178488373756409,-0.2094593197107315,-0.07759719341993332,0.9720866084098816
1756405937492853218,10.292243003845215,-59.29793930053711,-108.5634765625,-0.07163864374160767,-0.20883896946907043,-0.07637718319892883,0.972327470779419
1756405937542716537,10.292243003845215,-59.29793930053711,-108.5634765625,-0.07163862138986588,-0.20883896946907043,-0.07637719810009003,0.972327470779419
1756405937592929667,10.292243003845215,-59.29793930053711,-108.5634765625,-0.07163866609334946,-0.20883896946907043,-0.07637723535299301,0.972327470779419
1756405937643166487,10.357145309448242,-59.34023666381836,-108.59463500976562,-0.0718424841761589,-0.20945538580417633,-0.07756070047616959,0.9720861315727234
1756405937693633830,10.357145309448242,-59.34023666381836,-108.59463500976562,-0.07184247672557831,-0.20945541560649872,-0.07756068557500839,0.9720861315727234
1756405938143669394,10.65286636352539,-59.38859558105469,-108.79304504394531,-0.07232599705457687,-0.2120034545660019,-0.08229714632034302,0.9711079597473145
1756405938193734290,10.65286636352539,-59.38859558105469,-108.79304504394531,-0.07232589274644852,-0.21200349926948547,-0.08229713141918182,0.9711079597473145
1756405938243613274,10.65286636352539,-59.38859558105469,-108.79304504394531,-0.07232598960399628,-0.21200351417064667,-0.08229714632034302,0.9711079597473145
1756405938293490944,10.65286636352539,-59.38859558105469,-108.79304504394531,-0.07232601195573807,-0.21200351417064667,-0.08229711651802063,0.9711079597473145
1756405938343341422,10.65286636352539,-59.38859558105469,-108.79304504394531,-0.0723259449005127,-0.21200355887413025,-0.08229713886976242,0.9711079597473145
1756405938393141071,10.65286636352539,-59.38859558105469,-108.79304504394531,-0.07232598215341568,-0.21200357377529144,-0.08229715377092361,0.9711079597473145
1756405938442994202,10.65286636352539,-59.38859558105469,-108.79304504394531,-0.07232586294412613,-0.21200358867645264,-0.08229714632034302,0.9711079597473145
1756405938493816557,10.65286636352539,-59.38859558105469,-108.79304504394531,-0.07232587039470673,-0.21200358867645264,-0.08229714632034302,0.9711079597473145
1756405938543970914,10.65286636352539,-59.38859558105469,-108.79304504394531,-0.07232578843832016,-0.21200363337993622,-0.08229714632034302,0.9711079597473145
1756405938593714485,10.65286636352539,-59.38859558105469,-108.79304504394531,-0.07232574373483658,-0.21200360357761383,-0.08229713141918182,0.9711079597473145
1756405940243184708,10.783781051635742,-59.37419891357422,-108.77887725830078,-0.07221301645040512,-0.2122759073972702,-0.08195313066244125,0.9710859060287476
1756405940293311871,9.181933403015137,-60.214603424072266,-111.08047485351562,-0.07210727035999298,-0.21061594784259796,-0.07853476703166962,0.9717375040054321
1756405940343608269,6.25533390045166,-60.394962310791016,-111.33354187011719,-0.07435847073793411,-0.20456355810165405,-0.08610561490058899,0.9722193479537964
1756405940393810284,6.25533390045166,-60.394962310791016,-111.33354187011719,-0.0743585154414177,-0.20456357300281525,-0.08610562235116959,0.9722192883491516
1756405940443691664,6.25533390045166,-60.394962310791016,-111.33354187011719,-0.0743585079908371,-0.20456357300281525,-0.08610564470291138,0.9722192883491516
1756405940493467954,6.25533390045166,-60.394962310791016,-111.33354187011719,-0.07435845583677292,-0.20456360280513763,-0.08610562235116959,0.9722192883491516
1756405940543092084,6.25533390045166,-60.394962310791016,-111.33354187011719,-0.07435844093561172,-0.20456360280513763,-0.0861055999994278,0.9722192883491516
1756405940592872652,6.317237854003906,-60.1129150390625,-111.97056579589844,-0.07123798131942749,-0.2024122178554535,-0.0839446559548378,0.9730918407440186
1756405940643017487,7.540193557739258,-60.42389678955078,-111.59654235839844,-0.07158518582582474,-0.205969899892807,-0.08129219710826874,0.9725448489189148
1756405940693268524,7.540193557739258,-60.42389678955078,-111.59654235839844,-0.07158523052930832,-0.205969899892807,-0.08129217475652695,0.9725449085235596
1756405943193354977,7.540193557739258,-60.42389678955078,-111.59654235839844,-0.07158531993627548,-0.2059699296951294,-0.08129217475652695,0.9725448489189148
1756405943243351243,6.304028034210205,-60.347564697265625,-112.03663635253906,-0.07206752896308899,-0.20366035401821136,-0.08498645573854446,0.9726797938346863
1756405943293327263,5.175298690795898,-60.23252487182617,-112.47225189208984,-0.07243558764457703,-0.2015649378299713,-0.08842796087265015,0.9727821946144104
1756405943343289241,4.106394290924072,-60.18901443481445,-112.8364486694336,-0.07293564081192017,-0.19955621659755707,-0.09151982516050339,0.9728729724884033
1756405943393212926,3.3523740768432617,-60.099205017089844,-113.13912200927734,-0.07317861914634705,-0.1981571465730667,-0.0938086286187172,0.972922682762146
1756405943443253689,2.8381881713867188,-60.11943817138672,-113.28157043457031,-0.07351664453744888,-0.19718037545681,-0.0951993316411972,0.9729605913162231
1756405943493290497,2.478558301925659,-60.29042053222656,-113.25347137451172,-0.074077308177948,-0.19645830988883972,-0.09586441516876221,0.9729987978935242
1756405943543296941,2.208089828491211,-60.630027770996094,-113.05684661865234,-0.07493323087692261,-0.19586367905139923,-0.09595812112092972,0.9730439186096191
1756405943593264293,2.0004196166992188,-60.999900817871094,-112.81167602539062,-0.0758151188492775,-0.19537989795207977,-0.09582356363534927,0.9730861186981201
1756405943643195341,1.744631290435791,-61.391231536865234,-112.55843353271484,-0.07676929235458374,-0.1947995275259018,-0.09578382968902588,0.9731315970420837
1756405943693163160,2.6780622005462646,-62.49747085571289,-113.34586334228516,-0.07765849679708481,-0.20292064547538757,-0.09748046100139618,0.9712311625480652
1756405943743104668,3.009810447692871,-62.766502380371094,-112.5035629272461,-0.07822304219007492,-0.2144998461008072,-0.09951867163181305,0.9684869647026062
1756405943793212534,3.2075588703155518,-62.99864196777344,-111.87454986572266,-0.078126460313797,-0.22327318787574768,-0.1012353003025055,0.9663316011428833
1756405943843407860,3.4437623023986816,-63.23288345336914,-111.25337219238281,-0.07863683998584747,-0.23094287514686584,-0.1024085283279419,0.9643620252609253
1756405943893744996,3.710726737976074,-63.49787902832031,-110.6583480834961,-0.07838688045740128,-0.23837673664093018,-0.10341928154230118,0.9624637365341187
1756405945943778711,3.710726737976074,-63.49787902832031,-110.6583480834961,-0.07838696241378784,-0.23837673664093018,-0.10341931134462357,0.9624637365341187
1756405945994317028,3.710726737976074,-63.49787902832031,-110.6583480834961,-0.07838699221611023,-0.238376647233963,-0.10341939330101013,0.9624637365341187
1756405946044628888,3.710726737976074,-63.49787902832031,-110.6583480834961,-0.0783870667219162,-0.238376647233963,-0.10341937839984894,0.9624637365341187
1756405946096956775,3.7079710960388184,-63.51390838623047,-110.66561889648438,-0.0789584368467331,-0.238294780254364,-0.1034395769238472,0.9624351859092712
1756405946146356061,3.7079710960388184,-63.51390838623047,-110.66561889648438,-0.0789584219455719,-0.2382948398590088,-0.1034395694732666,0.9624351263046265
1756405946194354219,3.7079710960388184,-63.51390838623047,-110.66561889648438,-0.0789584219455719,-0.2382948249578476,-0.1034395769238472,0.9624351263046265
1756405946242237981,3.7079710960388184,-63.51390838623047,-110.66561889648438,-0.07895833998918533,-0.23829489946365356,-0.1034395769238472,0.9624351263046265
1756405946290896094,3.7079710960388184,-63.51390838623047,-110.66561889648438,-0.07895839214324951,-0.23829489946365356,-0.1034395769238472,0.9624351263046265
1756405946340880078,3.7079710960388184,-63.51390838623047,-110.66561889648438,-0.07895831763744354,-0.23829488456249237,-0.10343960672616959,0.9624351263046265
1756405946391980878,3.7079710960388184,-63.51390838623047,-110.66561889648438,-0.07895829528570175,-0.23829489946365356,-0.1034395843744278,0.9624351263046265
1756405946443559262,3.7079710960388184,-63.51390838623047,-110.66561889648438,-0.07895820587873459,-0.23829485476016998,-0.10343962162733078,0.9624351263046265
1756405946494798694,3.7079710960388184,-63.51390838623047,-110.66561889648438,-0.07895825803279877,-0.23829491436481476,-0.10343963652849197,0.9624351263046265
1756405946545072528,3.7079710960388184,-63.51390838623047,-110.66561889648438,-0.07895831018686295,-0.23829489946365356,-0.10343962907791138,0.9624351263046265
1756405946594430629,3.7079710960388184,-63.51390838623047,-110.66561889648438,-0.07895825058221817,-0.2382948398590088,-0.10343965142965317,0.9624351263046265
1756405946643565970,3.7079710960388184,-63.51390838623047,-110.66561889648438,-0.07895822077989578,-0.23829492926597595,-0.10343962162733078,0.9624351263046265
1756405946692628526,3.7079710960388184,-63.51390838623047,-110.66561889648438,-0.07895813882350922,-0.23829495906829834,-0.10343962162733078,0.9624351263046265
1756405946742115294,3.7079710960388184,-63.51390838623047,-110.66561889648438,-0.07895813882350922,-0.23829492926597595,-0.10343962162733078,0.9624351263046265
1756405948243380823,3.6921799182891846,-63.544212341308594,-110.64012145996094,-0.07903581857681274,-0.23826444149017334,-0.10344129055738449,0.9624361395835876
1756405948293360432,3.181924343109131,-63.85600662231445,-110.4791259765625,-0.08008500188589096,-0.23729297518730164,-0.10439654439687729,0.9624862670898438
1756405948343335835,2.790424108505249,-63.43006896972656,-109.58963012695312,-0.07500357925891876,-0.24060989916324615,-0.10405266284942627,0.9621093273162842
1756405948394352589,2.4107842445373535,-63.481666564941406,-108.83344268798828,-0.07625159621238708,-0.2438744753599167,-0.10318851470947266,0.9612820148468018
1756405948444394158,1.4512237310409546,-63.58951950073242,-108.37570190429688,-0.0773753821849823,-0.24067726731300354,-0.10338516533374786,0.9619765877723694
1756405948493927201,0.386877179145813,-63.749977111816406,-107.8780517578125,-0.07863038033246994,-0.236848384141922,-0.10303249210119247,0.9628626108169556
1756405948543152960,-0.7733237743377686,-63.95262908935547,-107.30561065673828,-0.0800585076212883,-0.23270370066165924,-0.10261908173561096,0.963799238204956
1756405948592716624,-0.8791535496711731,-63.80033874511719,-107.35588836669922,-0.07977558672428131,-0.23241837322711945,-0.10302873700857162,0.963847815990448
1756405948642581401,-1.0269678831100464,-63.805355072021484,-107.4119873046875,-0.07981987297534943,-0.2320067435503006,-0.10315956920385361,0.9639293551445007
1756405948692800182,-1.0044482946395874,-63.74032974243164,-107.40714263916016,-0.07968296855688095,-0.23207272589206696,-0.10326871275901794,0.963913083076477
1756405949244116591,-1.0044482946395874,-63.74032974243164,-107.40714263916016,-0.07968298345804214,-0.23207271099090576,-0.10326872766017914,0.963913083076477
1756405949295211166,-2.9523143768310547,-64.54965209960938,-105.78378295898438,-0.08484010398387909,-0.2303135246038437,-0.11527641117572784,0.9625326991081238
1756405949344896114,-5.237510681152344,-64.66730499267578,-104.38790893554688,-0.08889364451169968,-0.22703765332698822,-0.12768256664276123,0.9613786935806274
1756405949393856555,-7.722243785858154,-64.99467468261719,-102.69701385498047,-0.09400006383657455,-0.22431766986846924,-0.14223571121692657,0.9594866633415222
1756405949442694162,-10.399986267089844,-65.62138366699219,-100.65657806396484,-0.10030540823936462,-0.22219231724739075,-0.15843726694583893,0.9568004012107849
1756405949492475754,-10.616272926330566,-65.81842041015625,-100.53597259521484,-0.10082437843084335,-0.22110962867736816,-0.15763133764266968,0.957129716873169
1756405949542871509,-10.963460922241211,-66.03932189941406,-100.42632293701172,-0.10144856572151184,-0.21964219212532043,-0.15684634447097778,0.9575304985046387
1756405949593422128,-11.286211013793945,-66.32451629638672,-100.25382995605469,-0.10219933092594147,-0.2180708646774292,-0.15571369230747223,0.9579945802688599
1756405949643926971,-11.470999717712402,-66.49397277832031,-100.14981842041016,-0.1026407852768898,-0.21716119349002838,-0.15504159033298492,0.9582629799842834
1756405949694144078,-11.725260734558105,-66.69701385498047,-100.03285217285156,-0.10318212956190109,-0.2159954309463501,-0.15427765250205994,0.9585915803909302
1756405950793246960,-11.725260734558105,-66.69701385498047,-100.03285217285156,-0.1031821221113205,-0.21599549055099487,-0.15427763760089874,0.9585915803909302
1756405950843244641,-13.344660758972168,-66.03959655761719,-99.21627044677734,-0.10343953967094421,-0.2088843137025833,-0.14067722856998444,0.9622253179550171
1756405950893217297,-14.928915977478027,-66.01536560058594,-99.67474365234375,-0.09581230580806732,-0.19855833053588867,-0.12754322588443756,0.96701979637146
1756405950943149909,-16.65606689453125,-65.28353118896484,-100.69078063964844,-0.0847519040107727,-0.1873561143875122,-0.11418941617012024,0.9719442129135132
1756405950993263141,-16.65606689453125,-65.28353118896484,-100.69078063964844,-0.08475194871425629,-0.1873561143875122,-0.11418948322534561,0.9719442129135132
1756405951043439511,-16.65606689453125,-65.28353118896484,-100.69078063964844,-0.08475196361541748,-0.18735602498054504,-0.11418943852186203,0.9719442129135132
1756405951093552931,-16.65606689453125,-65.28353118896484,-100.69078063964844,-0.08475200831890106,-0.1873561143875122,-0.11418944597244263,0.9719442129135132
1756405951143502229,-16.65606689453125,-65.28353118896484,-100.69078063964844,-0.08475196361541748,-0.18735608458518982,-0.11418946832418442,0.9719442129135132
1756405951193433631,-16.65606689453125,-65.28353118896484,-100.69078063964844,-0.08475201576948166,-0.18735603988170624,-0.11418946087360382,0.9719442129135132
1756405951243270276,-16.569046020507812,-65.3291244506836,-100.77377319335938,-0.08442902565002441,-0.18847033381462097,-0.11488821357488632,0.9716745615005493
1756405952243063552,-16.569046020507812,-65.3291244506836,-100.77377319335938,-0.084429070353508,-0.1884702742099762,-0.11488818377256393,0.9716745615005493
1756405952293308082,-16.569046020507812,-65.3291244506836,-100.77377319335938,-0.08442913740873337,-0.18847016990184784,-0.11488816887140274,0.9716745615005493
1756405952343495094,-16.569046020507812,-65.3291244506836,-100.77377319335938,-0.08442917466163635,-0.18847022950649261,-0.11488819122314453,0.9716745615005493
1756405952393453953,-16.569046020507812,-65.3291244506836,-100.77377319335938,-0.08442926406860352,-0.1884702742099762,-0.11488818377256393,0.9716745018959045
1756405952443469479,-16.569046020507812,-65.3291244506836,-100.77377319335938,-0.0844293162226677,-0.18847022950649261,-0.1148882657289505,0.9716745615005493
1756405952493447239,-16.569046020507812,-65.3291244506836,-100.77377319335938,-0.08442933857440948,-0.18847019970417023,-0.1148882508277893,0.9716745018959045
1756405952543392973,-16.569046020507812,-65.3291244506836,-100.77377319335938,-0.08442935347557068,-0.18847016990184784,-0.11488824337720871,0.9716745615005493
1756405952593544616,-16.569046020507812,-65.3291244506836,-100.77377319335938,-0.08442942053079605,-0.18847011029720306,-0.11488828808069229,0.9716745615005493
1756405952643405264,-16.70566177368164,-65.61337280273438,-100.87986755371094,-0.08587194979190826,-0.1897146850824356,-0.12079649418592453,0.9705888032913208
1756405952693147140,-16.270122528076172,-66.77157592773438,-102.51078796386719,-0.0875498354434967,-0.1917571723461151,-0.12232101708650589,0.9698463082313538
1756405955243202621,-16.270122528076172,-66.77157592773438,-102.51078796386719,-0.0875498354434967,-0.19175714254379272,-0.1223209872841835,0.9698463082313538
1756405955293161779,-16.611576080322266,-66.29631042480469,-101.8489761352539,-0.08056098222732544,-0.19115114212036133,-0.11822013556957245,0.971079409122467
1756405955343188920,-17.32073402404785,-65.41462707519531,-99.98690795898438,-0.06746456772089005,-0.19344720244407654,-0.11702416837215424,0.9717674851417542
1756405955393311907,-17.999507904052734,-64.61844635009766,-98.15785217285156,-0.05567394942045212,-0.19540727138519287,-0.11812695115804672,0.9719889163970947
1756405955443377912,-18.205354690551758,-64.34628295898438,-97.84822845458984,-0.04567447677254677,-0.19184236228466034,-0.10532741993665695,0.9746878743171692
1756405955493309092,-17.132144927978516,-65.38306427001953,-101.15005493164062,-0.04591691493988037,-0.19420123100280762,-0.10189585387706757,0.9745741486549377
1756405955543294260,-14.548822402954102,-67.68446350097656,-108.53726959228516,-0.04176310822367668,-0.2008860558271408,-0.10278329998254776,0.9733119606971741
1756405955593360500,-10.53570556640625,-70.90001678466797,-119.51930236816406,-0.03390393406152725,-0.2122260481119156,-0.1152985543012619,0.9698024988174438
1756405955643432646,-10.051675796508789,-71.09381103515625,-120.49728393554688,-0.030050955712795258,-0.21679554879665375,-0.11227216571569443,0.9692737460136414
1756405955693806973,-9.551263809204102,-71.28306579589844,-121.48748779296875,-0.026117000728845596,-0.22142618894577026,-0.10917256027460098,0.9686948657035828
1756405955743750241,-8.936382293701172,-71.51673126220703,-122.74425506591797,-0.019818665459752083,-0.226944699883461,-0.10403810441493988,0.9681318998336792
1756405955892968618,-7.237707138061523,-72.00130462646484,-125.92009735107422,-0.005482707638293505,-0.2413296401500702,-0.09247314929962158,0.9660117030143738
1756405955943490464,-7.888820171356201,-71.33552551269531,-124.17354583740234,-0.00034657586365938187,-0.2432832568883896,-0.0883166715502739,0.9659261703491211
1756405955993780615,-9.326631546020508,-70.74745178222656,-121.63776397705078,-0.0008589401841163635,-0.24279387295246124,-0.09291129559278488,0.9656178951263428
1756405956043735343,-10.90350341796875,-70.07601928710938,-118.88215637207031,-0.00033827550942078233,-0.24212148785591125,-0.09872929006814957,0.9652096033096313
1756405956093438545,-12.536720275878906,-69.30133056640625,-115.89390563964844,9.058308933163062e-05,-0.24132099747657776,-0.10463638603687286,0.9647877216339111
1756405956139618833,-14.052444458007812,-68.48937225341797,-112.89752197265625,-0.00031925461371429265,-0.24045933783054352,-0.10947619378566742,0.9644657373428345
1756405956187883053,-14.567009925842285,-68.63391876220703,-112.95977783203125,-0.0009843646548688412,-0.23956318199634552,-0.11035321652889252,0.9645883440971375
1756405956238706540,-15.1205415725708,-68.73519897460938,-113.07361602783203,-0.0016023446805775166,-0.23861373960971832,-0.1113801822066307,0.9647048115730286
1756405956291436396,-15.719379425048828,-68.79313659667969,-113.24467468261719,-0.0021794300992041826,-0.23759984970092773,-0.11256713420152664,0.964816153049469
1756405956344565170,-16.377368927001953,-69.13536834716797,-113.74427795410156,-0.005121896043419838,-0.2314685434103012,-0.10188055038452148,0.967479407787323
1756405956396720999,-16.57393455505371,-68.47737121582031,-112.10166931152344,0.0015850340714678168,-0.2504546344280243,-0.10526355355978012,0.9623874425888062
1756405956446998886,-17.08213233947754,-68.29754638671875,-111.42428588867188,0.004569816403090954,-0.2605312168598175,-0.10115785896778107,0.9601404666900635
1756405956495493013,-16.244918823242188,-69.22386932373047,-113.29098510742188,0.006996643263846636,-0.2677639424800873,-0.09596709907054901,0.9586677551269531
1756405957792410506,-16.244918823242188,-69.22386932373047,-113.29098510742188,0.006996607407927513,-0.26776400208473206,-0.09596709161996841,0.9586677551269531
1756405957841642141,-16.244918823242188,-69.22386932373047,-113.29098510742188,0.006996494717895985,-0.2677639424800873,-0.09596709907054901,0.9586677551269531
1756405957891910668,-16.244918823242188,-69.22386932373047,-113.29098510742188,0.006996425800025463,-0.2677639424800873,-0.0959671139717102,0.9586677551269531
1756405957943010652,-16.244918823242188,-69.22386932373047,-113.29098510742188,0.00699641602113843,-0.2677639424800873,-0.09596709907054901,0.9586677551269531
1756405957994263782,-16.244918823242188,-69.22386932373047,-113.29098510742188,0.006996404379606247,-0.26776406168937683,-0.09596708416938782,0.9586676955223083
1756405958045050404,-16.244918823242188,-69.22386932373047,-113.29098510742188,0.0069963810965418816,-0.26776403188705444,-0.09596709907054901,0.9586676955223083
1756405958095076127,-16.244918823242188,-69.22386932373047,-113.29098510742188,0.006996297277510166,-0.26776400208473206,-0.0959671139717102,0.9586676955223083
1756405958144615370,-16.244918823242188,-69.22386932373047,-113.29098510742188,0.006996289826929569,-0.26776406168937683,-0.09596709907054901,0.9586676955223083
1756405958194027342,-16.244918823242188,-69.22386932373047,-113.29098510742188,0.006996239069849253,-0.2677641212940216,-0.09596708416938782,0.9586676955223083
1756405958243715824,-16.244918823242188,-69.22386932373047,-113.29098510742188,0.006996204145252705,-0.267764151096344,-0.09596710652112961,0.9586676955223083
1756405958344052743,-16.244918823242188,-69.22386932373047,-113.29098510742188,0.006996151525527239,-0.2677641212940216,-0.0959671139717102,0.9586676955223083
1756405958944079313,-16.244918823242188,-69.22386932373047,-113.29098510742188,0.0069961692206561565,-0.2677641212940216,-0.0959671139717102,0.9586676955223083
1756405959143859569,-13.37746810913086,-69.95069122314453,-114.95508575439453,0.00508040701970458,-0.2782120108604431,-0.09191160649061203,0.9560985565185547
1756405959193961678,-13.37746810913086,-69.95069122314453,-114.95508575439453,0.005080421455204487,-0.27821195125579834,-0.09191162884235382,0.9560986161231995
1756405959243909271,-13.374998092651367,-70.1162109375,-114.99510955810547,0.004421008750796318,-0.27793923020362854,-0.09396176040172577,0.9559819102287292
1756405959293759384,-13.374998092651367,-70.1162109375,-114.99510955810547,0.004420941695570946,-0.27793923020362854,-0.09396176040172577,0.9559819102287292
1756405959343720416,-13.556086540222168,-70.21318817138672,-114.94015502929688,0.0039910622872412205,-0.2771499454975128,-0.09577647596597672,0.9560328125953674
1756405959393746864,-13.480712890625,-70.2618408203125,-114.9686050415039,0.0039129722863435745,-0.27719828486442566,-0.09592724591493607,0.9560040831565857
1756405959443906008,-13.480712890625,-70.2618408203125,-114.9686050415039,0.003913084045052528,-0.27719825506210327,-0.09592723846435547,0.9560040831565857
1756405959493879627,-13.480712890625,-70.2618408203125,-114.9686050415039,0.003913110587745905,-0.27719831466674805,-0.09592723101377487,0.9560040831565857
1756405959543827896,-13.480712890625,-70.2618408203125,-114.9686050415039,0.003913178574293852,-0.27719825506210327,-0.09592724591493607,0.9560040831565857
1756405959593728193,-13.480712890625,-70.2618408203125,-114.9686050415039,0.003913277294486761,-0.27719834446907043,-0.09592726081609726,0.9560040235519409
1756405959643700929,-13.639341354370117,-70.21002960205078,-114.8784408569336,0.003951952792704105,-0.27708157896995544,-0.09571509063243866,0.9560589790344238
1756405959693900100,-13.74612045288086,-70.10984802246094,-114.78900146484375,0.004158253315836191,-0.2776470482349396,-0.09487344324588776,0.9559779763221741
1756405959744052574,-13.764856338500977,-69.91287994384766,-114.74224090576172,0.004868117161095142,-0.2786746025085449,-0.0926099345088005,0.9558975696563721
1756405959793972081,-13.54355239868164,-69.6677474975586,-114.76333618164062,0.006101999431848526,-0.2808248996734619,-0.08910155296325684,0.9555945992469788
1756405962044963259,-24.007869720458984,-68.47618103027344,-116.76277160644531,0.0042800018563866615,-0.25614699721336365,-0.10139098018407822,0.9612961411476135
1756405962094746164,-24.26668930053711,-68.77184295654297,-116.43380737304688,0.0029997534584254026,-0.2576138973236084,-0.10386137664318085,0.9606450200080872
1756405962144309329,-24.41901206970215,-69.0135269165039,-115.98635864257812,0.0014946890296414495,-0.25992944836616516,-0.10756220668554306,0.959617018699646
1756405962193988126,-24.646976470947266,-69.20313262939453,-115.59437561035156,0.00025197642389684916,-0.26134616136550903,-0.11042073369026184,0.9589084386825562
1756405962243868048,-24.915817260742188,-69.44290924072266,-115.22920227050781,-0.0009691710583865643,-0.26259344816207886,-0.11286161839962006,0.9582828283309937
1756405962294131019,-25.11310577392578,-69.75152587890625,-114.73505401611328,-0.002642414765432477,-0.26518315076828003,-0.1167503371834755,0.9570999145507812
1756405962344355711,-25.3693904876709,-70.08275604248047,-114.24266815185547,-0.004316417966037989,-0.2675818204879761,-0.12042048573493958,0.955970823764801
1756405962394632352,-25.594526290893555,-70.41626739501953,-113.75801849365234,-0.005942544434219599,-0.2703068256378174,-0.12403230369091034,0.9547328948974609
1756405962444754250,-25.965694427490234,-70.52845764160156,-112.48528289794922,-0.006943794898688793,-0.27731233835220337,-0.1251630187034607,0.9525669813156128
1756405962494638865,-26.296066284179688,-69.88467407226562,-110.90135955810547,-0.0010990489972755313,-0.2836298942565918,-0.12132691591978073,0.9512269496917725
1756405965044064562,-26.296066284179688,-69.88467407226562,-110.90135955810547,-0.0010990528389811516,-0.2836298644542694,-0.12132691591978073,0.9512269496917725
1756405965093899038,-26.367263793945312,-69.81879425048828,-110.01148986816406,0.0009560969774611294,-0.2812765836715698,-0.12202849239110947,0.9518359303474426
1756405965143980753,-26.698915481567383,-69.66218566894531,-109.19879150390625,0.004317153710871935,-0.2766174077987671,-0.12029270827770233,0.9534116983413696
1756405965194218414,-26.972280502319336,-69.49031829833984,-108.54774475097656,0.006955222692340612,-0.2714899480342865,-0.11899100989103317,0.9550319314002991
1756405965244445196,-27.01399040222168,-69.14568328857422,-108.21350860595703,0.010545692406594753,-0.26779329776763916,-0.117996945977211,0.9561654329299927
1756405965294607307,-27.168678283691406,-68.8260269165039,-107.72111511230469,0.014311283826828003,-0.26282674074172974,-0.11671359091997147,0.9576508402824402
1756405965344663382,-27.424957275390625,-68.47180938720703,-107.2267074584961,0.018498128280043602,-0.25693804025650024,-0.11532242596149445,0.9593442678451538
1756405965394597066,-27.67973518371582,-68.1296157836914,-106.68441009521484,0.022609131410717964,-0.25090229511260986,-0.11388137191534042,0.9610244035720825
1756405965444390093,-26.867843627929688,-68.64552307128906,-103.60413360595703,0.025610050186514854,-0.2488202154636383,-0.11027780920267105,0.9619103074073792
1756405965494353020,-25.763687133789062,-69.18170166015625,-99.17090606689453,0.028481336310505867,-0.2453099638223648,-0.10653874278068542,0.963151752948761
1756405968044487166,-27.530494689941406,-69.8241958618164,-98.54438018798828,0.026005206629633904,-0.23748117685317993,-0.10587393492460251,0.9652549624443054
1756405968094139220,-27.694324493408203,-70.79588317871094,-97.394775390625,0.021929798647761345,-0.23292919993400574,-0.10149774700403214,0.9669339656829834
1756405968143995028,-26.705810546875,-72.32262420654297,-95.8761215209961,0.017232362180948257,-0.23626665771007538,-0.09890183061361313,0.966488242149353
1756405968193765506,-26.52755355834961,-73.42945098876953,-94.31815338134766,0.013032164424657822,-0.23638921976089478,-0.09733086079359055,0.9666835069656372
1756405968243745081,-27.229515075683594,-74.29763793945312,-92.85820770263672,0.008804328739643097,-0.23171499371528625,-0.09542669355869293,0.9680518507957458
1756405968293899879,-28.116756439208984,-75.56637573242188,-91.22697448730469,0.0033898502588272095,-0.22681620717048645,-0.0935315266251564,0.969430148601532
1756405968344198883,-28.94486427307129,-76.41765594482422,-89.5003433227539,-0.0010990091832354665,-0.22194786369800568,-0.09216064214706421,0.9706926941871643
1756405968394320099,-28.49008560180664,-76.45809173583984,-89.90946960449219,-0.00043280317913740873,-0.224162295460701,-0.0920456200838089,0.9701951742172241
1756405968444300714,-29.384244918823242,-76.27295684814453,-89.35404205322266,-0.0010137268109247088,-0.21992957592010498,-0.09248514473438263,0.9711212515830994
1756405968494180725,-29.945316314697266,-75.74239349365234,-89.9464340209961,0.0014318813337013125,-0.21783672273159027,-0.09361117333173752,0.9714844226837158
1756405968544090045,-30.995197296142578,-75.57733154296875,-89.04795837402344,0.009911801666021347,-0.21618123352527618,-0.09590516239404678,0.971580982208252
1756405968594610912,-31.89688491821289,-75.03986358642578,-88.69802856445312,0.0213954895734787,-0.2121088206768036,-0.09565727412700653,0.9723177552223206
1756405968644741149,-32.66458511352539,-74.83015441894531,-87.71381378173828,0.030886095017194748,-0.21789301931858063,-0.09936114400625229,0.9704102277755737
1756405968694411230,-34.44355010986328,-75.21849060058594,-86.67229461669922,0.028788967058062553,-0.21018829941749573,-0.09888827055692673,0.972220778465271
1756405968744044527,-34.86436462402344,-75.078125,-86.77933502197266,0.02908872626721859,-0.20880292356014252,-0.09947626292705536,0.972450315952301
1756405968793759499,-35.23360061645508,-74.93553161621094,-86.864990234375,0.029381966218352318,-0.20757298171520233,-0.10001890361309052,0.9726491570472717
1756405968843665895,-34.72905731201172,-76.40545654296875,-87.9665298461914,0.01117209903895855,-0.20677991211414337,-0.13776695728302002,0.9685750007629395
1756405968893724997,-35.11481857299805,-76.04132080078125,-88.25726318359375,0.013924723491072655,-0.20568665862083435,-0.13906703889369965,0.9685863256454468
1756405968943848238,-35.8122673034668,-75.73546600341797,-88.35456085205078,0.01431526243686676,-0.20317889750003815,-0.14006797969341278,0.9689656496047974
1756405968993994162,-36.482967376708984,-75.4300765991211,-88.46826171875,0.014746790751814842,-0.20081956684589386,-0.14106044173240662,0.9693069458007812
1756405969044089123,-36.80832290649414,-75.17557525634766,-88.86299133300781,0.012022607028484344,-0.20374947786331177,-0.13433443009853363,0.9696885347366333
1756405969094077939,-36.80832290649414,-75.17557525634766,-88.86299133300781,0.012022576294839382,-0.20374947786331177,-0.13433438539505005,0.9696885347366333
1756405971044423113,-36.80832290649414,-75.17557525634766,-88.86299133300781,0.012022681534290314,-0.20374947786331177,-0.13433435559272766,0.9696885347366333
1756405971094060413,-37.13850021362305,-74.98258209228516,-88.79156494140625,0.01345167588442564,-0.20303186774253845,-0.13221850991249084,0.9701110124588013
1756405971143754588,-37.2054328918457,-74.96578979492188,-88.71945190429688,0.013658570125699043,-0.20704255998134613,-0.13183273375034332,0.9693126082420349
1756405971194039981,-37.23556900024414,-75.00794982910156,-88.66162872314453,0.01227651908993721,-0.21108362078666687,-0.1333954632282257,0.9682451486587524
1756405971244229940,-37.243316650390625,-75.02996826171875,-88.59938049316406,0.01177707128226757,-0.215784952044487,-0.13431134819984436,0.9670876860618591
1756405971294350406,-37.266971588134766,-75.05157470703125,-88.5368881225586,0.011013638228178024,-0.2203301042318344,-0.13385319709777832,0.9661349058151245
1756405971344234484,-37.58902359008789,-74.98938751220703,-88.52055358886719,0.01096325647085905,-0.21904940903186798,-0.1341456025838852,0.966386079788208
1756405971394260078,-37.90624237060547,-74.995849609375,-88.49037170410156,0.010807267390191555,-0.21774664521217346,-0.13428424298763275,0.9666630029678345
1756405971444162645,-36.704593658447266,-74.29627227783203,-90.36871337890625,0.01950191706418991,-0.22079063951969147,-0.12024608254432678,0.9676838517189026
1756405971493998862,-38.760196685791016,-75.71865844726562,-93.08428955078125,0.014173464849591255,-0.2069200575351715,-0.11374077200889587,0.9716203808784485
1756405971543913486,-40.53532409667969,-76.45404815673828,-93.26790618896484,0.012712687253952026,-0.20283928513526917,-0.11369842290878296,0.9725056886672974
1756405971593823834,-42.77083969116211,-77.24598693847656,-93.37806701660156,0.010914985090494156,-0.19734542071819305,-0.11389939486980438,0.9736337065696716
1756405971644023007,-45.6671257019043,-78.25020599365234,-93.08939361572266,0.008107483386993408,-0.18924276530742645,-0.1140579953789711,0.9752498269081116
1756405972594735064,-45.6671257019043,-78.25020599365234,-93.08939361572266,0.00810754019767046,-0.18924276530742645,-0.11405803263187408,0.9752498269081116
1756405972644261556,-49.53871154785156,-79.47698974609375,-89.52889251708984,0.0033307059202343225,-0.1895873099565506,-0.11419584602117538,0.9751947522163391
1756405972693760657,-53.93206024169922,-80.88233184814453,-85.268798828125,-0.0037685614079236984,-0.1900293231010437,-0.1172395646572113,0.9747458696365356
1756405972743500850,-58.45512008666992,-82.21227264404297,-80.68994140625,-0.009761548601090908,-0.19166415929794312,-0.12054602801799774,0.9739806056022644
1756405972793672494,-62.22311782836914,-82.75517272949219,-75.49708557128906,-0.014219353906810284,-0.19553637504577637,-0.12172554433345795,0.9730088710784912
1756405972843973264,-66.28723907470703,-83.01847839355469,-70.0366439819336,-0.018634112551808357,-0.19941139221191406,-0.12403400987386703,0.971855640411377
1756405972894402980,-70.49716186523438,-83.41007232666016,-64.3062515258789,-0.02314651571214199,-0.2037031352519989,-0.1257857084274292,0.9706426858901978
1756405972944623003,-75.22753143310547,-83.54859924316406,-58.477439880371094,-0.028252670541405678,-0.20910121500492096,-0.1285816878080368,0.9689918756484985
1756405972994590308,-79.93821716308594,-83.95555114746094,-52.11669158935547,-0.03649125620722771,-0.21468977630138397,-0.12988485395908356,0.9673193097114563
1756405973044325611,-77.79660034179688,-83.9708023071289,-54.11719512939453,-0.02513938583433628,-0.22416596114635468,-0.12607063353061676,0.9660351276397705
1756405973095253106,-77.95613098144531,-83.8277359008789,-54.75558853149414,-0.024040091782808304,-0.22536762058734894,-0.12670092284679413,0.9657009840011597
1756405973145098475,-78.11936950683594,-83.91768646240234,-55.23172378540039,-0.023357868194580078,-0.2263156622648239,-0.1268131285905838,0.9654812812805176
1756405973194403057,-78.26964569091797,-83.9688720703125,-55.707462310791016,-0.02266036346554756,-0.227254256606102,-0.1269940882921219,0.9652535915374756
1756405974043872683,-78.26964569091797,-83.9688720703125,-55.707462310791016,-0.022660238668322563,-0.22725431621074677,-0.1269940733909607,0.9652535915374756
1756405974093560876,-78.27423858642578,-83.91496276855469,-55.738704681396484,-0.02261088788509369,-0.2272820621728897,-0.12710994482040405,0.9652329683303833
1756405974143365117,-78.27423858642578,-83.91496276855469,-55.738704681396484,-0.02261090651154518,-0.22728203237056732,-0.12710995972156525,0.9652329683303833
1756405974193367810,-78.27423858642578,-83.91496276855469,-55.738704681396484,-0.022610889747738838,-0.22728203237056732,-0.12710994482040405,0.9652329683303833
1756405974243556869,-78.27423858642578,-83.91496276855469,-55.738704681396484,-0.022610915824770927,-0.22728203237056732,-0.12710994482040405,0.9652329683303833
1756405974293794686,-78.27423858642578,-83.91496276855469,-55.738704681396484,-0.022610995918512344,-0.22728203237056732,-0.12710995972156525,0.9652329683303833
1756405974344140125,-78.27423858642578,-83.91496276855469,-55.738704681396484,-0.022610973566770554,-0.22728203237056732,-0.12710995972156525,0.9652329683303833
1756405974394167812,-78.27423858642578,-83.91496276855469,-55.738704681396484,-0.022610995918512344,-0.22728203237056732,-0.12710994482040405,0.9652329683303833
1756405974444092124,-78.27423858642578,-83.91496276855469,-55.738704681396484,-0.022610923275351524,-0.22728203237056732,-0.12710992991924286,0.9652329683303833
1756405974493934710,-78.53011322021484,-84.00212097167969,-56.15254211425781,-0.016082417219877243,-0.2250332236289978,-0.12678778171539307,0.9659328460693359
1756405974543745378,-78.90422058105469,-83.99044799804688,-56.199790954589844,-0.010529350489377975,-0.22151072323322296,-0.1266225427389145,0.9668447971343994
1756405977093881204,-78.90422058105469,-83.99044799804688,-56.199790954589844,-0.010529331862926483,-0.22151076793670654,-0.1266225278377533,0.9668447971343994
1756405977143974964,-78.47273254394531,-84.55857849121094,-57.55550003051758,-0.010757498443126678,-0.22130262851715088,-0.12593242526054382,0.9669800400733948
1756405977193909201,-76.3403091430664,-87.43038177490234,-66.99431610107422,-0.0011699504684656858,-0.2128603458404541,-0.13365943729877472,0.9678968191146851
1756405977243825667,-75.52214813232422,-87.8958969116211,-68.01634216308594,0.0018488618079572916,-0.21654096245765686,-0.13161081075668335,0.9673599004745483
1756405977293772982,-75.43347930908203,-88.08644104003906,-67.65594482421875,0.001333124004304409,-0.2162512242794037,-0.13108554482460022,0.9674968719482422
1756405977343729194,-76.1399917602539,-87.8429946899414,-66.33425903320312,0.011342840269207954,-0.22035013139247894,-0.13384582102298737,0.9661275744438171
1756405977394420655,-76.67094421386719,-87.46290588378906,-65.34786987304688,0.022458437830209732,-0.22165913879871368,-0.13753201067447662,0.9651154279708862
1756405977444705546,-77.18783569335938,-87.15084075927734,-64.18086242675781,0.029731353744864464,-0.22679321467876434,-0.14378897845745087,0.9628113508224487
1756405977495415197,-77.81094360351562,-86.76898193359375,-62.81724166870117,0.04282406345009804,-0.2314317524433136,-0.1485518366098404,0.9604883193969727
1756405977545202243,-80.50772857666016,-84.95337677001953,-58.39424133300781,0.05572662129998207,-0.23363107442855835,-0.15866562724113464,0.9576723575592041
1756405980093749776,-78.5310287475586,-84.8376235961914,-54.5472297668457,0.055075954645872116,-0.23092326521873474,-0.159019336104393,0.9583078622817993
1756405980143827336,-78.28313446044922,-87.48554992675781,-53.80961227416992,0.06063144654035568,-0.22986406087875366,-0.1556408852338791,0.9587816596031189
1756405980193928698,-78.69136810302734,-90.35334014892578,-54.28874588012695,0.0667722225189209,-0.2296397089958191,-0.15190114080905914,0.9590271711349487
1756405980243991798,-78.69136810302734,-90.35334014892578,-54.28874588012695,0.06677216291427612,-0.22963972389698029,-0.15190114080905914,0.9590271711349487
1756405980293800961,-78.69136810302734,-90.35334014892578,-54.28874588012695,0.06677217781543732,-0.2296396791934967,-0.15190114080905914,0.9590271711349487
1756405980343492953,-78.69136810302734,-90.35334014892578,-54.28874588012695,0.06677210330963135,-0.2296397089958191,-0.15190114080905914,0.9590271711349487
1756405980393355749,-78.69136810302734,-90.35334014892578,-54.28874588012695,0.06677217036485672,-0.22963982820510864,-0.15190112590789795,0.959027111530304
1756405980443398161,-78.69136810302734,-90.35334014892578,-54.28874588012695,0.06677211076021194,-0.22963982820510864,-0.15190115571022034,0.959027111530304
1756405980493491242,-77.81629180908203,-90.70421600341797,-54.97021484375,0.07412952184677124,-0.22825290262699127,-0.1500503122806549,0.9591091275215149
1756405980543730979,-77.50137329101562,-90.86972045898438,-55.04426956176758,0.0780005007982254,-0.2257114201784134,-0.14933538436889648,0.9595150947570801
1756405981693199856,-77.50137329101562,-90.86972045898438,-55.04426956176758,0.07800043374300003,-0.22571146488189697,-0.14933538436889648,0.9595150947570801
1756405981743135021,-77.73157501220703,-90.97262573242188,-54.78848648071289,0.07667774707078934,-0.2258140742778778,-0.14922527968883514,0.9596146941184998
1756405981793245051,-77.88475799560547,-91.0017318725586,-54.62144470214844,0.07664549350738525,-0.2256733775138855,-0.14943136274814606,0.9596182703971863
1756405981843536469,-78.03715515136719,-91.01918029785156,-54.48765182495117,0.07668958604335785,-0.22556111216545105,-0.149661123752594,0.95960533618927
1756405981893793467,-78.10285186767578,-91.02346801757812,-54.409088134765625,0.07668688893318176,-0.22547858953475952,-0.14976716041564941,0.9596084356307983
1756405981943865020,-78.15045166015625,-91.04149627685547,-54.37519836425781,0.07666720449924469,-0.2254853993654251,-0.14980995655059814,0.9596017599105835
1756405981993862367,-78.15045166015625,-91.04149627685547,-54.37519836425781,0.07666703313589096,-0.2254854440689087,-0.14981000125408173,0.9596017003059387
1756405982043837642,-78.125244140625,-91.05757141113281,-54.406368255615234,0.07684271037578583,-0.22548075020313263,-0.14978332817554474,0.9595929384231567
1756405982093683107,-78.125244140625,-91.05757141113281,-54.406368255615234,0.07684268802404404,-0.22548073530197144,-0.14978335797786713,0.9595929384231567
1756405982143548583,-78.1083755493164,-91.03355407714844,-54.44931411743164,0.0773889347910881,-0.2253974974155426,-0.14991581439971924,0.9595478773117065
1756405982193418895,-78.1083755493164,-91.03355407714844,-54.44931411743164,0.07738892734050751,-0.225397527217865,-0.14991585910320282,0.9595478773117065
1756405982243462276,-78.1083755493164,-91.03355407714844,-54.44931411743164,0.07738886028528214,-0.2253974974155426,-0.14991584420204163,0.9595478773117065
1756405982293642804,-78.12482452392578,-91.09662628173828,-54.446964263916016,0.07716898620128632,-0.22550028562545776,-0.15064194798469543,0.9594277143478394
1756405983043838735,-78.12482452392578,-91.09662628173828,-54.446964263916016,0.07716906070709229,-0.22550027072429657,-0.15064188838005066,0.9594277143478394
1756405983093436292,-80.50320434570312,-90.68220520019531,-54.518863677978516,0.07784246653318405,-0.21079343557357788,-0.14360085129737854,0.9637870192527771
1756405986044333083,-80.50320434570312,-90.68220520019531,-54.518863677978516,0.07784243673086166,-0.21079343557357788,-0.14360085129737854,0.9637870192527771
1756405986094107120,-79.97636413574219,-90.77051544189453,-54.261009216308594,0.07688171416521072,-0.2267630696296692,-0.14106406271457672,0.9606084823608398
1756405986144018245,-78.69110870361328,-92.87540435791016,-58.245243072509766,0.062221091240644455,-0.2537429928779602,-0.18958818912506104,0.9464668035507202
1756405986194123318,-77.71585845947266,-94.47288513183594,-60.432640075683594,0.05072740092873573,-0.27593427896499634,-0.21779757738113403,0.9348000884056091
1756405986244331472,-78.64241790771484,-94.34013366699219,-59.75218963623047,0.04672551155090332,-0.2780593931674957,-0.21911203861236572,0.9340715408325195
1756405986294498223,-79.10558319091797,-94.16563415527344,-59.22273254394531,0.04589336737990379,-0.2847854793071747,-0.21835587918758392,0.93226158618927
1756405986344600101,-79.53857421875,-93.99046325683594,-58.772159576416016,0.04548303782939911,-0.2921005189418793,-0.21846280992031097,0.9299906492233276
1756405986394803015,-79.94265747070312,-93.81204223632812,-58.339481353759766,0.04481478035449982,-0.2981317639350891,-0.21862943470478058,0.9280680418014526
1756405986444843024,-80.32119750976562,-93.6598892211914,-57.97154235839844,0.04457446187734604,-0.3036956489086151,-0.21890504658222198,0.9262087941169739
1756405986494756212,-80.63196563720703,-93.54141998291016,-57.659271240234375,0.04481344670057297,-0.3089066743850708,-0.21886593103408813,0.9244815111160278
1756405986544598600,-80.66458892822266,-92.37044525146484,-57.063114166259766,0.04901406541466713,-0.31312867999076843,-0.2143801748752594,0.9238989353179932
1756405986594455588,-76.02767944335938,-93.24911499023438,-53.93854522705078,0.050481949001550674,-0.34299543499946594,-0.20353135466575623,0.9156312942504883
1756405986644270363,-76.06702423095703,-93.43023681640625,-54.39215087890625,0.048661090433597565,-0.3457632064819336,-0.2033204585313797,0.9147353172302246
1756405986694114029,-76.1886978149414,-93.43975830078125,-55.033912658691406,0.048258062452077866,-0.3474233150482178,-0.20355762541294098,0.9140746593475342
1756405986744142408,-76.11634063720703,-93.75437927246094,-55.42155456542969,0.04603647068142891,-0.35065793991088867,-0.20304755866527557,0.9130669832229614
1756405986794246328,-76.47108459472656,-93.47907257080078,-55.05632400512695,0.046469930559396744,-0.3544608950614929,-0.20192980766296387,0.9118236303329468
1756405986844459264,-76.89588165283203,-93.13336944580078,-54.626651763916016,0.04584425315260887,-0.3589598834514618,-0.19877664744853973,0.9107875227928162
1756405986894812754,-77.27372741699219,-92.80939483642578,-54.199581146240234,0.04613715410232544,-0.3642413020133972,-0.19594243168830872,0.9092888236045837
1756405986944938478,-78.05487823486328,-92.55769348144531,-54.003421783447266,0.04597962275147438,-0.3668750524520874,-0.19820508360862732,0.9077463150024414
